{
  "project_info": {
    "project_number": "31454865760",
    "project_id": "geomarker-5394d",
    "storage_bucket": "geomarker-5394d.appspot.com"
  },
  "client": [
    {
      "client_info": {
        "mobilesdk_app_id": "1:31454865760:android:d23f9a220ffb23e4be5605",
        "android_client_info": {
          "package_name": "com.example.geomarker"
        }
      },
      "oauth_client": [
        {
          "client_id": "31454865760-qbnr4i8uq67ra07jpo0a22avt203d1kr.apps.googleusercontent.com",
          "client_type": 3
        }
      ],
      "api_key": [
        {
          "current_key": "AIzaSyABcvvIs9snIUwZWbHSHEVls2G3LS_kxq0"
        }
      ],
      "services": {
        "appinvite_service": {
          "other_platform_oauth_client": [
            {
              "client_id": "31454865760-qbnr4i8uq67ra07jpo0a22avt203d1kr.apps.googleusercontent.com",
              "client_type": 3
            }
          ]
        }
      }
    },
    {
      "client_info": {
        "mobilesdk_app_id": "1:31454865760:android:754deb078eccbd13be5605",
        "android_client_info": {
          "package_name": "com.example.geomarker_application"
        }
      },
      "oauth_client": [
        {
          "client_id": "31454865760-qbnr4i8uq67ra07jpo0a22avt203d1kr.apps.googleusercontent.com",
          "client_type": 3
        }
      ],
      "api_key": [
        {
          "current_key": "AIzaSyABcvvIs9snIUwZWbHSHEVls2G3LS_kxq0"
        }
      ],
      "services": {
        "appinvite_service": {
          "other_platform_oauth_client": [
            {
              "client_id": "31454865760-qbnr4i8uq67ra07jpo0a22avt203d1kr.apps.googleusercontent.com",
              "client_type": 3
            }
          ]
        }
      }
    },
    {
      "client_info": {
        "mobilesdk_app_id": "1:31454865760:android:649d3a7866cecd34be5605",
        "android_client_info": {
          "package_name": "com.example.geomarkerapplication"
        }
      },
      "oauth_client": [
        {
          "client_id": "31454865760-qbnr4i8uq67ra07jpo0a22avt203d1kr.apps.googleusercontent.com",
          "client_type": 3
        }
      ],
      "api_key": [
        {
          "current_key": "AIzaSyABcvvIs9snIUwZWbHSHEVls2G3LS_kxq0"
        }
      ],
      "services": {
        "appinvite_service": {
          "other_platform_oauth_client": [
            {
              "client_id": "31454865760-qbnr4i8uq67ra07jpo0a22avt203d1kr.apps.googleusercontent.com",
              "client_type": 3
            }
          ]
        }
      }
    }
  ],
  "configuration_version": "1"
}